item_type,base_material,lining,condition,nb,length_mm,price_usd
pipe,CS,PTFE,non_vacuum,25,100,141.25
pipe,CS,PTFE,non_vacuum,25,150,148.125
pipe,CS,PTFE,non_vacuum,25,200,155
pipe,CS,PTFE,non_vacuum,25,250,161.25
pipe,CS,PTFE,non_vacuum,25,300,168.125
pipe,CS,PTFE,non_vacuum,25,350,174.375
pipe,CS,PTFE,non_vacuum,25,400,181.25
pipe,CS,PTFE,non_vacuum,25,450,188.125
pipe,CS,PTFE,non_vacuum,25,500,194.375
pipe,CS,PTFE,non_vacuum,25,600,207.5
pipe,CS,PTFE,non_vacuum,25,700,221.25
pipe,CS,PTFE,non_vacuum,25,800,234.375
pipe,CS,PTFE,non_vacuum,25,900,247.5
pipe,CS,PTFE,non_vacuum,25,1000,260.625
pipe,CS,PTFE,non_vacuum,25,1100,274.375
pipe,CS,PTFE,non_vacuum,25,1200,287.5
pipe,CS,PTFE,non_vacuum,25,1300,300.625
pipe,CS,PTFE,non_vacuum,25,1400,313.75
pipe,CS,PTFE,non_vacuum,25,1500,327.5
pipe,CS,PTFE,non_vacuum,25,1600,340.625
pipe,CS,PTFE,non_vacuum,25,1700,353.75
pipe,CS,PTFE,non_vacuum,25,1800,366.875
pipe,CS,PTFE,non_vacuum,25,1900,380.625
pipe,CS,PTFE,non_vacuum,25,2000,393.75
pipe,CS,PTFE,non_vacuum,25,2100,406.875
pipe,CS,PTFE,non_vacuum,25,2200,420
pipe,CS,PTFE,non_vacuum,25,2300,433.75
pipe,CS,PTFE,non_vacuum,25,2400,446.875
pipe,CS,PTFE,non_vacuum,25,2500,460
pipe,CS,PTFE,non_vacuum,25,2600,473.125
pipe,CS,PTFE,non_vacuum,25,2700,486.875
pipe,CS,PTFE,non_vacuum,25,2800,500
pipe,CS,PTFE,non_vacuum,25,2900,513.125
pipe,CS,PTFE,non_vacuum,25,3000,526.25
pipe,CS,PTFE,non_vacuum,40,100,183.75
pipe,CS,PTFE,non_vacuum,40,150,194.375
pipe,CS,PTFE,non_vacuum,40,200,205
pipe,CS,PTFE,non_vacuum,40,250,215.625
pipe,CS,PTFE,non_vacuum,40,300,226.25
pipe,CS,PTFE,non_vacuum,40,350,236.875
pipe,CS,PTFE,non_vacuum,40,400,247.5
pipe,CS,PTFE,non_vacuum,40,450,258.125
pipe,CS,PTFE,non_vacuum,40,500,268.75
pipe,CS,PTFE,non_vacuum,40,600,290
pipe,CS,PTFE,non_vacuum,40,700,311.25
pipe,CS,PTFE,non_vacuum,40,800,332.5
pipe,CS,PTFE,non_vacuum,40,900,353.75
pipe,CS,PTFE,non_vacuum,40,1000,375
pipe,CS,PTFE,non_vacuum,40,1100,396.25
pipe,CS,PTFE,non_vacuum,40,1200,417.5
pipe,CS,PTFE,non_vacuum,40,1300,438.75
pipe,CS,PTFE,non_vacuum,40,1400,460.625
pipe,CS,PTFE,non_vacuum,40,1500,481.875
pipe,CS,PTFE,non_vacuum,40,1600,502.5
pipe,CS,PTFE,non_vacuum,40,1700,524.375
pipe,CS,PTFE,non_vacuum,40,1800,545.625
pipe,CS,PTFE,non_vacuum,40,1900,566.875
pipe,CS,PTFE,non_vacuum,40,2000,588.125
pipe,CS,PTFE,non_vacuum,40,2100,609.375
pipe,CS,PTFE,non_vacuum,40,2200,630.625
pipe,CS,PTFE,non_vacuum,40,2300,651.875
pipe,CS,PTFE,non_vacuum,40,2400,673.125
pipe,CS,PTFE,non_vacuum,40,2500,694.375
pipe,CS,PTFE,non_vacuum,40,2600,715.625
pipe,CS,PTFE,non_vacuum,40,2700,736.875
pipe,CS,PTFE,non_vacuum,40,2800,758.125
pipe,CS,PTFE,non_vacuum,40,2900,779.375
pipe,CS,PTFE,non_vacuum,40,3000,800.625
pipe,CS,PTFE,non_vacuum,50,100,228.75
pipe,CS,PTFE,non_vacuum,50,150,241.875
pipe,CS,PTFE,non_vacuum,50,200,255.625
pipe,CS,PTFE,non_vacuum,50,250,268.75
pipe,CS,PTFE,non_vacuum,50,300,282.5
pipe,CS,PTFE,non_vacuum,50,350,295.625
pipe,CS,PTFE,non_vacuum,50,400,309.375
pipe,CS,PTFE,non_vacuum,50,450,323.125
pipe,CS,PTFE,non_vacuum,50,500,336.25
pipe,CS,PTFE,non_vacuum,50,600,363.125
pipe,CS,PTFE,non_vacuum,50,700,390
pipe,CS,PTFE,non_vacuum,50,800,416.875
pipe,CS,PTFE,non_vacuum,50,900,443.75
pipe,CS,PTFE,non_vacuum,50,1000,470.625
pipe,CS,PTFE,non_vacuum,50,1100,498.125
pipe,CS,PTFE,non_vacuum,50,1200,525
pipe,CS,PTFE,non_vacuum,50,1300,551.875
pipe,CS,PTFE,non_vacuum,50,1400,578.75
pipe,CS,PTFE,non_vacuum,50,1500,605.625
pipe,CS,PTFE,non_vacuum,50,1600,632.5
pipe,CS,PTFE,non_vacuum,50,1700,659.375
pipe,CS,PTFE,non_vacuum,50,1800,686.25
pipe,CS,PTFE,non_vacuum,50,1900,713.125
pipe,CS,PTFE,non_vacuum,50,2000,740
pipe,CS,PTFE,non_vacuum,50,2100,766.875
pipe,CS,PTFE,non_vacuum,50,2200,793.75
pipe,CS,PTFE,non_vacuum,50,2300,821.25
pipe,CS,PTFE,non_vacuum,50,2400,848.125
pipe,CS,PTFE,non_vacuum,50,2500,875
pipe,CS,PTFE,non_vacuum,50,2600,901.875
pipe,CS,PTFE,non_vacuum,50,2700,928.75
pipe,CS,PTFE,non_vacuum,50,2800,955.625
pipe,CS,PTFE,non_vacuum,50,2900,982.5
pipe,CS,PTFE,non_vacuum,50,3000,1009.375
pipe,CS,PTFE,non_vacuum,80,100,383.75
pipe,CS,PTFE,non_vacuum,80,150,407.5
pipe,CS,PTFE,non_vacuum,80,200,431.875
pipe,CS,PTFE,non_vacuum,80,250,455.625
pipe,CS,PTFE,non_vacuum,80,300,479.375
pipe,CS,PTFE,non_vacuum,80,350,503.125
pipe,CS,PTFE,non_vacuum,80,400,526.875
pipe,CS,PTFE,non_vacuum,80,450,550.625
pipe,CS,PTFE,non_vacuum,80,500,574.375
pipe,CS,PTFE,non_vacuum,80,600,622.5
pipe,CS,PTFE,non_vacuum,80,700,670
pipe,CS,PTFE,non_vacuum,80,800,717.5
pipe,CS,PTFE,non_vacuum,80,900,765
pipe,CS,PTFE,non_vacuum,80,1000,813.125
pipe,CS,PTFE,non_vacuum,80,1100,860.625
pipe,CS,PTFE,non_vacuum,80,1200,908.125
pipe,CS,PTFE,non_vacuum,80,1300,955.625
pipe,CS,PTFE,non_vacuum,80,1400,1003.75
pipe,CS,PTFE,non_vacuum,80,1500,1051.25
pipe,CS,PTFE,non_vacuum,80,1600,1098.75
pipe,CS,PTFE,non_vacuum,80,1700,1146.875
pipe,CS,PTFE,non_vacuum,80,1800,1194.375
pipe,CS,PTFE,non_vacuum,80,1900,1241.875
pipe,CS,PTFE,non_vacuum,80,2000,1289.375
pipe,CS,PTFE,non_vacuum,80,2100,1337.5
pipe,CS,PTFE,non_vacuum,80,2200,1385
pipe,CS,PTFE,non_vacuum,80,2300,1432.5
pipe,CS,PTFE,non_vacuum,80,2400,1480
pipe,CS,PTFE,non_vacuum,80,2500,1528.125
pipe,CS,PTFE,non_vacuum,80,2600,1575.625
pipe,CS,PTFE,non_vacuum,80,2700,1623.125
pipe,CS,PTFE,non_vacuum,80,2800,1670.625
pipe,CS,PTFE,non_vacuum,80,2900,1718.75
pipe,CS,PTFE,non_vacuum,80,3000,1766.25
pipe,CS,PTFE,non_vacuum,100,100,510.625
pipe,CS,PTFE,non_vacuum,100,150,543.125
pipe,CS,PTFE,non_vacuum,100,200,575.625
pipe,CS,PTFE,non_vacuum,100,250,608.125
pipe,CS,PTFE,non_vacuum,100,300,640.625
pipe,CS,PTFE,non_vacuum,100,350,673.125
pipe,CS,PTFE,non_vacuum,100,400,705.625
pipe,CS,PTFE,non_vacuum,100,450,738.125
pipe,CS,PTFE,non_vacuum,100,500,770.625
pipe,CS,PTFE,non_vacuum,100,600,835.625
pipe,CS,PTFE,non_vacuum,100,700,900.625
pipe,CS,PTFE,non_vacuum,100,800,965
pipe,CS,PTFE,non_vacuum,100,900,1030
pipe,CS,PTFE,non_vacuum,100,1000,1095
pipe,CS,PTFE,non_vacuum,100,1100,1160
pipe,CS,PTFE,non_vacuum,100,1200,1225
pipe,CS,PTFE,non_vacuum,100,1300,1290
pipe,CS,PTFE,non_vacuum,100,1400,1355
pipe,CS,PTFE,non_vacuum,100,1500,1419.375
pipe,CS,PTFE,non_vacuum,100,1600,1484.375
pipe,CS,PTFE,non_vacuum,100,1700,1549.375
pipe,CS,PTFE,non_vacuum,100,1800,1614.375
pipe,CS,PTFE,non_vacuum,100,1900,1679.375
pipe,CS,PTFE,non_vacuum,100,2000,1744.375
pipe,CS,PTFE,non_vacuum,100,2100,1809.375
pipe,CS,PTFE,non_vacuum,100,2200,1873.75
pipe,CS,PTFE,non_vacuum,100,2300,1938.75
pipe,CS,PTFE,non_vacuum,100,2400,2003.75
pipe,CS,PTFE,non_vacuum,100,2500,2068.75
pipe,CS,PTFE,non_vacuum,100,2600,2133.75
pipe,CS,PTFE,non_vacuum,100,2700,2198.75
pipe,CS,PTFE,non_vacuum,100,2800,2263.75
pipe,CS,PTFE,non_vacuum,100,2900,2328.75
pipe,CS,PTFE,non_vacuum,100,3000,2393.125
pipe,CS,PTFE,non_vacuum,150,100,1067.5
pipe,CS,PTFE,non_vacuum,150,150,1150.625
pipe,CS,PTFE,non_vacuum,150,200,1233.125
pipe,CS,PTFE,non_vacuum,150,250,1315.625
pipe,CS,PTFE,non_vacuum,150,300,1398.75
pipe,CS,PTFE,non_vacuum,150,350,1481.25
pipe,CS,PTFE,non_vacuum,150,400,1564.375
pipe,CS,PTFE,non_vacuum,150,450,1646.875
pipe,CS,PTFE,non_vacuum,150,500,1730
pipe,CS,PTFE,non_vacuum,150,600,1895
pipe,CS,PTFE,non_vacuum,150,700,2060.625
pipe,CS,PTFE,non_vacuum,150,800,2226.25
pipe,CS,PTFE,non_vacuum,150,900,2391.875
pipe,CS,PTFE,non_vacuum,150,1000,2557.5
pipe,CS,PTFE,non_vacuum,150,1100,2723.125
pipe,CS,PTFE,non_vacuum,150,1200,2888.75
pipe,CS,PTFE,non_vacuum,150,1300,3053.75
pipe,CS,PTFE,non_vacuum,150,1400,3219.375
pipe,CS,PTFE,non_vacuum,150,1500,3385
pipe,CS,PTFE,non_vacuum,150,1600,3550.625
pipe,CS,PTFE,non_vacuum,150,1700,3716.25
pipe,CS,PTFE,non_vacuum,150,1800,3881.875
pipe,CS,PTFE,non_vacuum,150,1900,4047.5
pipe,CS,PTFE,non_vacuum,150,2000,4212.5
pipe,CS,PTFE,non_vacuum,150,2100,4378.125
pipe,CS,PTFE,non_vacuum,150,2200,4543.75
pipe,CS,PTFE,non_vacuum,150,2300,4709.375
pipe,CS,PTFE,non_vacuum,150,2400,4875
pipe,CS,PTFE,non_vacuum,150,2500,5040.625
pipe,CS,PTFE,non_vacuum,150,2600,5206.25
pipe,CS,PTFE,non_vacuum,150,2700,5371.25
pipe,CS,PTFE,non_vacuum,150,2800,5536.875
pipe,CS,PTFE,non_vacuum,150,2900,5702.5
pipe,CS,PTFE,non_vacuum,150,3000,5868.125
pipe,CS,PTFE,non_vacuum,200,100,1841.25
pipe,CS,PTFE,non_vacuum,200,150,1998.75
pipe,CS,PTFE,non_vacuum,200,200,2155.625
pipe,CS,PTFE,non_vacuum,200,250,2313.125
pipe,CS,PTFE,non_vacuum,200,300,2470
pipe,CS,PTFE,non_vacuum,200,350,2627.5
pipe,CS,PTFE,non_vacuum,200,400,2784.375
pipe,CS,PTFE,non_vacuum,200,450,2941.875
pipe,CS,PTFE,non_vacuum,200,500,3098.75
pipe,CS,PTFE,non_vacuum,200,600,3413.125
pipe,CS,PTFE,non_vacuum,200,700,3726.875
pipe,CS,PTFE,non_vacuum,200,800,4041.25
pipe,CS,PTFE,non_vacuum,200,900,4355.625
pipe,CS,PTFE,non_vacuum,200,1000,4670
pipe,CS,PTFE,non_vacuum,200,1100,4984.375
pipe,CS,PTFE,non_vacuum,200,1200,5298.75
pipe,CS,PTFE,non_vacuum,200,1300,5613.125
pipe,CS,PTFE,non_vacuum,200,1400,5926.875
pipe,CS,PTFE,non_vacuum,200,1500,6241.25
pipe,CS,PTFE,non_vacuum,200,1600,6555.625
pipe,CS,PTFE,non_vacuum,200,1700,6870
pipe,CS,PTFE,non_vacuum,200,1800,7184.375
pipe,CS,PTFE,non_vacuum,200,1900,7498.75
pipe,CS,PTFE,non_vacuum,200,2000,7812.5
pipe,CS,PTFE,non_vacuum,200,2100,8126.875
pipe,CS,PTFE,non_vacuum,200,2200,8441.25
pipe,CS,PTFE,non_vacuum,200,2300,8755.625
pipe,CS,PTFE,non_vacuum,200,2400,9070
pipe,CS,PTFE,non_vacuum,200,2500,9384.375
pipe,CS,PTFE,non_vacuum,200,2600,9698.125
pipe,CS,PTFE,non_vacuum,200,2700,10012.5
pipe,CS,PTFE,non_vacuum,200,2800,10326.875
pipe,CS,PTFE,non_vacuum,200,2900,10641.25
pipe,CS,PTFE,non_vacuum,200,3000,10955.625
pipe,CS,PTFE,non_vacuum,250,100,2604.375
pipe,CS,PTFE,non_vacuum,250,150,2821.25
pipe,CS,PTFE,non_vacuum,250,200,3038.125
pipe,CS,PTFE,non_vacuum,250,250,3255
pipe,CS,PTFE,non_vacuum,250,300,3471.25
pipe,CS,PTFE,non_vacuum,250,350,3688.75
pipe,CS,PTFE,non_vacuum,250,400,3905
pipe,CS,PTFE,non_vacuum,250,450,4121.875
pipe,CS,PTFE,non_vacuum,250,500,4338.75
pipe,CS,PTFE,non_vacuum,250,600,4772.5
pipe,CS,PTFE,non_vacuum,250,700,5206.25
pipe,CS,PTFE,non_vacuum,250,800,5640
pipe,CS,PTFE,non_vacuum,250,900,6073.75
pipe,CS,PTFE,non_vacuum,250,1000,6507.5
pipe,CS,PTFE,non_vacuum,250,1100,6940.625
pipe,CS,PTFE,non_vacuum,250,1200,7374.375
pipe,CS,PTFE,non_vacuum,250,1300,7808.125
pipe,CS,PTFE,non_vacuum,250,1400,8241.875
pipe,CS,PTFE,non_vacuum,250,1500,8675.625
pipe,CS,PTFE,non_vacuum,250,1600,9109.375
pipe,CS,PTFE,non_vacuum,250,1700,9543.125
pipe,CS,PTFE,non_vacuum,250,1800,9976.875
pipe,CS,PTFE,non_vacuum,250,1900,10410
pipe,CS,PTFE,non_vacuum,250,2000,10843.75
pipe,CS,PTFE,non_vacuum,250,2100,11277.5
pipe,CS,PTFE,non_vacuum,250,2200,11711.25
pipe,CS,PTFE,non_vacuum,250,2300,12145
pipe,CS,PTFE,non_vacuum,250,2400,12578.75
pipe,CS,PTFE,non_vacuum,250,2500,13012.5
pipe,CS,PTFE,non_vacuum,250,2600,13446.25
pipe,CS,PTFE,non_vacuum,250,2700,13879.375
pipe,CS,PTFE,non_vacuum,250,2800,14313.125
pipe,CS,PTFE,non_vacuum,250,2900,14746.875
pipe,CS,PTFE,non_vacuum,250,3000,15180.625
pipe,CS,PTFE,non_vacuum,300,100,3200.625
pipe,CS,PTFE,non_vacuum,300,150,3433.75
pipe,CS,PTFE,non_vacuum,300,200,3666.25
pipe,CS,PTFE,non_vacuum,300,250,3899.375
pipe,CS,PTFE,non_vacuum,300,300,4132.5
pipe,CS,PTFE,non_vacuum,300,350,4365.625
pipe,CS,PTFE,non_vacuum,300,400,4598.125
pipe,CS,PTFE,non_vacuum,300,450,4831.875
pipe,CS,PTFE,non_vacuum,300,500,5064.375
pipe,CS,PTFE,non_vacuum,300,600,5530.625
pipe,CS,PTFE,non_vacuum,300,700,5996.25
pipe,CS,PTFE,non_vacuum,300,800,6462.5
pipe,CS,PTFE,non_vacuum,300,900,6928.125
pipe,CS,PTFE,non_vacuum,300,1000,7394.375
pipe,CS,PTFE,non_vacuum,300,1100,7860.625
pipe,CS,PTFE,non_vacuum,300,1200,8326.25
pipe,CS,PTFE,non_vacuum,300,1300,8792.5
pipe,CS,PTFE,non_vacuum,300,1400,9258.125
pipe,CS,PTFE,non_vacuum,300,1500,9724.375
pipe,CS,PTFE,non_vacuum,300,1600,10190.625
pipe,CS,PTFE,non_vacuum,300,1700,10656.25
pipe,CS,PTFE,non_vacuum,300,1800,11122.5
pipe,CS,PTFE,non_vacuum,300,1900,11588.125
pipe,CS,PTFE,non_vacuum,300,2000,12054.375
pipe,CS,PTFE,non_vacuum,300,2100,12520
pipe,CS,PTFE,non_vacuum,300,2200,12986.25
pipe,CS,PTFE,non_vacuum,300,2300,13452.5
pipe,CS,PTFE,non_vacuum,300,2400,13918.125
pipe,CS,PTFE,non_vacuum,300,2500,14384.375
pipe,CS,PTFE,non_vacuum,300,2600,14850
pipe,CS,PTFE,non_vacuum,300,2700,15316.25
pipe,CS,PTFE,non_vacuum,300,2800,15782.5
pipe,CS,PTFE,non_vacuum,300,2900,16248.125
pipe,CS,PTFE,non_vacuum,300,3000,16714.375
pipe,CS,PTFE,full_vacuum,100,100,541.25
pipe,CS,PTFE,full_vacuum,100,150,578.75
pipe,CS,PTFE,full_vacuum,100,200,616.25
pipe,CS,PTFE,full_vacuum,100,250,653.75
pipe,CS,PTFE,full_vacuum,100,300,691.25
pipe,CS,PTFE,full_vacuum,100,350,728.75
pipe,CS,PTFE,full_vacuum,100,400,766.25
pipe,CS,PTFE,full_vacuum,100,450,803.75
pipe,CS,PTFE,full_vacuum,100,500,841.25
pipe,CS,PTFE,full_vacuum,100,600,916.25
pipe,CS,PTFE,full_vacuum,100,700,990.625
pipe,CS,PTFE,full_vacuum,100,800,1065.625
pipe,CS,PTFE,full_vacuum,100,900,1140.625
pipe,CS,PTFE,full_vacuum,100,1000,1215.625
pipe,CS,PTFE,full_vacuum,100,1100,1290.625
pipe,CS,PTFE,full_vacuum,100,1200,1365.625
pipe,CS,PTFE,full_vacuum,100,1300,1440.625
pipe,CS,PTFE,full_vacuum,100,1400,1515.625
pipe,CS,PTFE,full_vacuum,100,1500,1590.625
pipe,CS,PTFE,full_vacuum,100,1600,1665.625
pipe,CS,PTFE,full_vacuum,100,1700,1740.625
pipe,CS,PTFE,full_vacuum,100,1800,1815.625
pipe,CS,PTFE,full_vacuum,100,1900,1890.625
pipe,CS,PTFE,full_vacuum,100,2000,1965.625
pipe,CS,PTFE,full_vacuum,100,2100,2040.625
pipe,CS,PTFE,full_vacuum,100,2200,2115.625
pipe,CS,PTFE,full_vacuum,100,2300,2190.625
pipe,CS,PTFE,full_vacuum,100,2400,2265.625
pipe,CS,PTFE,full_vacuum,100,2500,2340.625
pipe,CS,PTFE,full_vacuum,100,2600,2415.625
pipe,CS,PTFE,full_vacuum,100,2700,2490.625
pipe,CS,PTFE,full_vacuum,100,2800,2565.625
pipe,CS,PTFE,full_vacuum,100,2900,2640.625
pipe,CS,PTFE,full_vacuum,100,3000,2715.625
pipe,CS,PTFE,full_vacuum,150,100,1165
pipe,CS,PTFE,full_vacuum,150,150,1262.5
pipe,CS,PTFE,full_vacuum,150,200,1360
pipe,CS,PTFE,full_vacuum,150,250,1457.5
pipe,CS,PTFE,full_vacuum,150,300,1555
pipe,CS,PTFE,full_vacuum,150,350,1652.5
pipe,CS,PTFE,full_vacuum,150,400,1750
pipe,CS,PTFE,full_vacuum,150,450,1847.5
pipe,CS,PTFE,full_vacuum,150,500,1945
pipe,CS,PTFE,full_vacuum,150,600,2140
pipe,CS,PTFE,full_vacuum,150,700,2335
pipe,CS,PTFE,full_vacuum,150,800,2530
pipe,CS,PTFE,full_vacuum,150,900,2725
pipe,CS,PTFE,full_vacuum,150,1000,2920
pipe,CS,PTFE,full_vacuum,150,1100,3115
pipe,CS,PTFE,full_vacuum,150,1200,3310
pipe,CS,PTFE,full_vacuum,150,1300,3505
pipe,CS,PTFE,full_vacuum,150,1400,3700
pipe,CS,PTFE,full_vacuum,150,1500,3895
pipe,CS,PTFE,full_vacuum,150,1600,4090
pipe,CS,PTFE,full_vacuum,150,1700,4285
pipe,CS,PTFE,full_vacuum,150,1800,4480
pipe,CS,PTFE,full_vacuum,150,1900,4675
pipe,CS,PTFE,full_vacuum,150,2000,4870
pipe,CS,PTFE,full_vacuum,150,2100,5065
pipe,CS,PTFE,full_vacuum,150,2200,5260
pipe,CS,PTFE,full_vacuum,150,2300,5455
pipe,CS,PTFE,full_vacuum,150,2400,5650
pipe,CS,PTFE,full_vacuum,150,2500,5845
pipe,CS,PTFE,full_vacuum,150,2600,6040
pipe,CS,PTFE,full_vacuum,150,2700,6235
pipe,CS,PTFE,full_vacuum,150,2800,6430
pipe,CS,PTFE,full_vacuum,150,2900,6625
pipe,CS,PTFE,full_vacuum,150,3000,6820
pipe,CS,PTFE,full_vacuum,200,100,2171.875
pipe,CS,PTFE,full_vacuum,200,150,2376.875
pipe,CS,PTFE,full_vacuum,200,200,2580.625
pipe,CS,PTFE,full_vacuum,200,250,2785.625
pipe,CS,PTFE,full_vacuum,200,300,2989.375
pipe,CS,PTFE,full_vacuum,200,350,3194.375
pipe,CS,PTFE,full_vacuum,200,400,3398.125
pipe,CS,PTFE,full_vacuum,200,450,3603.125
pipe,CS,PTFE,full_vacuum,200,500,3806.875
pipe,CS,PTFE,full_vacuum,200,600,4215.625
pipe,CS,PTFE,full_vacuum,200,700,4624.375
pipe,CS,PTFE,full_vacuum,200,800,5033.125
pipe,CS,PTFE,full_vacuum,200,900,5441.875
pipe,CS,PTFE,full_vacuum,200,1000,5850.625
pipe,CS,PTFE,full_vacuum,200,1100,6259.375
pipe,CS,PTFE,full_vacuum,200,1200,6668.125
pipe,CS,PTFE,full_vacuum,200,1300,7076.875
pipe,CS,PTFE,full_vacuum,200,1400,7485.625
pipe,CS,PTFE,full_vacuum,200,1500,7894.375
pipe,CS,PTFE,full_vacuum,200,1600,8303.125
pipe,CS,PTFE,full_vacuum,200,1700,8711.875
pipe,CS,PTFE,full_vacuum,200,1800,9120.625
pipe,CS,PTFE,full_vacuum,200,1900,9529.375
pipe,CS,PTFE,full_vacuum,200,2000,9938.125
pipe,CS,PTFE,full_vacuum,200,2100,10346.875
pipe,CS,PTFE,full_vacuum,200,2200,10755.625
pipe,CS,PTFE,full_vacuum,200,2300,11164.375
pipe,CS,PTFE,full_vacuum,200,2400,11573.125
pipe,CS,PTFE,full_vacuum,200,2500,11981.875
pipe,CS,PTFE,full_vacuum,200,2600,12390.625
pipe,CS,PTFE,full_vacuum,200,2700,12799.375
pipe,CS,PTFE,full_vacuum,200,2800,13208.125
pipe,CS,PTFE,full_vacuum,200,2900,13616.875
pipe,CS,PTFE,full_vacuum,200,3000,14025.625
pipe,CS,PTFE,full_vacuum,250,100,2913.125
pipe,CS,PTFE,full_vacuum,250,150,3173.75
pipe,CS,PTFE,full_vacuum,250,200,3435
pipe,CS,PTFE,full_vacuum,250,250,3695.625
pipe,CS,PTFE,full_vacuum,250,300,3956.875
pipe,CS,PTFE,full_vacuum,250,350,4217.5
pipe,CS,PTFE,full_vacuum,250,400,4478.75
pipe,CS,PTFE,full_vacuum,250,450,4739.375
pipe,CS,PTFE,full_vacuum,250,500,5000.625
pipe,CS,PTFE,full_vacuum,250,600,5522.5
pipe,CS,PTFE,full_vacuum,250,700,6044.375
pipe,CS,PTFE,full_vacuum,250,800,6566.25
pipe,CS,PTFE,full_vacuum,250,900,7088.125
pipe,CS,PTFE,full_vacuum,250,1000,7610
pipe,CS,PTFE,full_vacuum,250,1100,8131.875
pipe,CS,PTFE,full_vacuum,250,1200,8653.75
pipe,CS,PTFE,full_vacuum,250,1300,9175.625
pipe,CS,PTFE,full_vacuum,250,1400,9697.5
pipe,CS,PTFE,full_vacuum,250,1500,10219.375
pipe,CS,PTFE,full_vacuum,250,1600,10741.25
pipe,CS,PTFE,full_vacuum,250,1700,11263.125
pipe,CS,PTFE,full_vacuum,250,1800,11785
pipe,CS,PTFE,full_vacuum,250,1900,12306.875
pipe,CS,PTFE,full_vacuum,250,2000,12828.75
pipe,CS,PTFE,full_vacuum,250,2100,13350.625
pipe,CS,PTFE,full_vacuum,250,2200,13872.5
pipe,CS,PTFE,full_vacuum,250,2300,14394.375
pipe,CS,PTFE,full_vacuum,250,2400,14916.25
pipe,CS,PTFE,full_vacuum,250,2500,15438.125
pipe,CS,PTFE,full_vacuum,250,2600,15960
pipe,CS,PTFE,full_vacuum,250,2700,16481.875
pipe,CS,PTFE,full_vacuum,250,2800,17003.75
pipe,CS,PTFE,full_vacuum,250,2900,17525.625
pipe,CS,PTFE,full_vacuum,250,3000,18047.5
pipe,CS,PTFE,full_vacuum,300,100,4156.25
pipe,CS,PTFE,full_vacuum,300,150,4525.625
pipe,CS,PTFE,full_vacuum,300,200,4895
pipe,CS,PTFE,full_vacuum,300,250,5265
pipe,CS,PTFE,full_vacuum,300,300,5634.375
pipe,CS,PTFE,full_vacuum,300,350,6003.75
pipe,CS,PTFE,full_vacuum,300,400,6373.125
pipe,CS,PTFE,full_vacuum,300,450,6743.125
pipe,CS,PTFE,full_vacuum,300,500,7112.5
pipe,CS,PTFE,full_vacuum,300,600,7851.25
pipe,CS,PTFE,full_vacuum,300,700,8590
pipe,CS,PTFE,full_vacuum,300,800,9329.375
pipe,CS,PTFE,full_vacuum,300,900,10068.125
pipe,CS,PTFE,full_vacuum,300,1000,10807.5
pipe,CS,PTFE,full_vacuum,300,1100,11546.25
pipe,CS,PTFE,full_vacuum,300,1200,12285.625
pipe,CS,PTFE,full_vacuum,300,1300,13024.375
pipe,CS,PTFE,full_vacuum,300,1400,13763.125
pipe,CS,PTFE,full_vacuum,300,1500,14502.5
pipe,CS,PTFE,full_vacuum,300,1600,15241.25
pipe,CS,PTFE,full_vacuum,300,1700,15980.625
pipe,CS,PTFE,full_vacuum,300,1800,16719.375
pipe,CS,PTFE,full_vacuum,300,1900,17458.75
pipe,CS,PTFE,full_vacuum,300,2000,18197.5
pipe,CS,PTFE,full_vacuum,300,2100,18936.875
pipe,CS,PTFE,full_vacuum,300,2200,19675.625
pipe,CS,PTFE,full_vacuum,300,2300,20414.375
pipe,CS,PTFE,full_vacuum,300,2400,21153.75
pipe,CS,PTFE,full_vacuum,300,2500,21892.5
pipe,CS,PTFE,full_vacuum,300,2600,22631.875
pipe,CS,PTFE,full_vacuum,300,2700,23370.625
pipe,CS,PTFE,full_vacuum,300,2800,24110
pipe,CS,PTFE,full_vacuum,300,2900,24848.75
pipe,CS,PTFE,full_vacuum,300,3000,25588.125
hose_pipe,SS304,PTFE,non_vacuum,25,500,328.75
hose_pipe,SS304,PTFE,non_vacuum,25,1000,391.875
hose_pipe,SS304,PTFE,non_vacuum,25,1500,457.5
hose_pipe,SS304,PTFE,non_vacuum,25,2000,521.875
hose_pipe,SS304,PTFE,non_vacuum,25,2500,625.625
hose_pipe,SS304,PTFE,non_vacuum,25,3000,692.5
hose_pipe,SS304,PTFE,non_vacuum,25,4000,810.625
hose_pipe,SS304,PTFE,non_vacuum,25,5000,905
hose_pipe,SS304,PTFE,non_vacuum,25,6000,1045
hose_pipe,SS304,PTFE,non_vacuum,40,500,480
hose_pipe,SS304,PTFE,non_vacuum,40,1000,549.375
hose_pipe,SS304,PTFE,non_vacuum,40,1500,693.125
hose_pipe,SS304,PTFE,non_vacuum,40,2000,815
hose_pipe,SS304,PTFE,non_vacuum,40,2500,1000
hose_pipe,SS304,PTFE,non_vacuum,40,3000,1136.875
hose_pipe,SS304,PTFE,non_vacuum,40,4000,1331.25
hose_pipe,SS304,PTFE,non_vacuum,40,5000,1495
hose_pipe,SS304,PTFE,non_vacuum,40,6000,1735.625
hose_pipe,SS304,PTFE,non_vacuum,50,500,640.625
hose_pipe,SS304,PTFE,non_vacuum,50,1000,785.625
hose_pipe,SS304,PTFE,non_vacuum,50,1500,931.875
hose_pipe,SS304,PTFE,non_vacuum,50,2000,1084.375
hose_pipe,SS304,PTFE,non_vacuum,50,2500,1285.625
hose_pipe,SS304,PTFE,non_vacuum,50,3000,1512.5
hose_pipe,SS304,PTFE,non_vacuum,50,4000,1738.125
hose_pipe,SS304,PTFE,non_vacuum,50,5000,1966.25
hose_pipe,SS304,PTFE,non_vacuum,50,6000,2274.375
hose_pipe,SS304,PTFE,non_vacuum,80,500,1016.875
hose_pipe,SS304,PTFE,non_vacuum,80,1000,1256.875
hose_pipe,SS304,PTFE,non_vacuum,80,1500,1498.125
hose_pipe,SS304,PTFE,non_vacuum,80,2000,1737.5
hose_pipe,SS304,PTFE,non_vacuum,80,2500,1984.375
hose_pipe,SS304,PTFE,non_vacuum,80,3000,2247.5
hose_pipe,SS304,PTFE,non_vacuum,80,4000,2817.5
hose_pipe,SS304,PTFE,non_vacuum,80,5000,3161.875
hose_pipe,SS304,PTFE,non_vacuum,80,6000,3749.375
hose_pipe,SS304,PTFE,non_vacuum,100,500,1413.125
hose_pipe,SS304,PTFE,non_vacuum,100,1000,1743.75
hose_pipe,SS304,PTFE,non_vacuum,100,1500,2075.625
hose_pipe,SS304,PTFE,non_vacuum,100,2000,2405.625
hose_pipe,SS304,PTFE,non_vacuum,100,2500,2735.625
hose_pipe,SS304,PTFE,non_vacuum,100,3000,3085
hose_pipe,SS304,PTFE,non_vacuum,100,4000,3773.75
hose_pipe,SS304,PTFE,non_vacuum,100,5000,4390.625
hose_pipe,SS304,PTFE,non_vacuum,100,6000,5115
hose_pipe,SS316,PTFE,non_vacuum,25,500,456.875
hose_pipe,SS316,PTFE,non_vacuum,25,1000,536.875
hose_pipe,SS316,PTFE,non_vacuum,25,1500,618.125
hose_pipe,SS316,PTFE,non_vacuum,25,2000,695.625
hose_pipe,SS316,PTFE,non_vacuum,25,2500,841.25
hose_pipe,SS316,PTFE,non_vacuum,25,3000,926.25
hose_pipe,SS316,PTFE,non_vacuum,25,4000,1065.625
hose_pipe,SS316,PTFE,non_vacuum,25,5000,1171.25
hose_pipe,SS316,PTFE,non_vacuum,25,6000,1350
hose_pipe,SS316,PTFE,non_vacuum,40,500,679.375
hose_pipe,SS316,PTFE,non_vacuum,40,1000,746.875
hose_pipe,SS316,PTFE,non_vacuum,40,1500,938.125
hose_pipe,SS316,PTFE,non_vacuum,40,2000,1095
hose_pipe,SS316,PTFE,non_vacuum,40,2500,1355
hose_pipe,SS316,PTFE,non_vacuum,40,3000,1531.875
hose_pipe,SS316,PTFE,non_vacuum,40,4000,1758.125
hose_pipe,SS316,PTFE,non_vacuum,40,5000,1936.25
hose_pipe,SS316,PTFE,non_vacuum,40,6000,2243.125
hose_pipe,SS316,PTFE,non_vacuum,50,500,923.75
hose_pipe,SS316,PTFE,non_vacuum,50,1000,1104.375
hose_pipe,SS316,PTFE,non_vacuum,50,1500,1286.875
hose_pipe,SS316,PTFE,non_vacuum,50,2000,1475
hose_pipe,SS316,PTFE,non_vacuum,50,2500,1748.125
hose_pipe,SS316,PTFE,non_vacuum,50,3000,2062.5
hose_pipe,SS316,PTFE,non_vacuum,50,4000,2311.25
hose_pipe,SS316,PTFE,non_vacuum,50,5000,2571.25
hose_pipe,SS316,PTFE,non_vacuum,50,6000,2962.5
hose_pipe,SS316,PTFE,non_vacuum,80,500,1494.375
hose_pipe,SS316,PTFE,non_vacuum,80,1000,1795.625
hose_pipe,SS316,PTFE,non_vacuum,80,1500,2096.25
hose_pipe,SS316,PTFE,non_vacuum,80,2000,2393.75
hose_pipe,SS316,PTFE,non_vacuum,80,2500,2703.75
hose_pipe,SS316,PTFE,non_vacuum,80,3000,3042.5
hose_pipe,SS316,PTFE,non_vacuum,80,4000,3790.625
hose_pipe,SS316,PTFE,non_vacuum,80,5000,4164.375
hose_pipe,SS316,PTFE,non_vacuum,80,6000,4941.25
hose_pipe,SS316,PTFE,non_vacuum,100,500,2101.25
hose_pipe,SS316,PTFE,non_vacuum,100,1000,2518.75
hose_pipe,SS316,PTFE,non_vacuum,100,1500,2938.125
hose_pipe,SS316,PTFE,non_vacuum,100,2000,3353.75
hose_pipe,SS316,PTFE,non_vacuum,100,2500,3769.375
hose_pipe,SS316,PTFE,non_vacuum,100,3000,4217.5
hose_pipe,SS316,PTFE,non_vacuum,100,4000,5096.875
hose_pipe,SS316,PTFE,non_vacuum,100,5000,5856.875
hose_pipe,SS316,PTFE,non_vacuum,100,6000,6795
pipe,SS304,PTFE,non_vacuum,25,100,706.25
pipe,SS304,PTFE,non_vacuum,25,150,740.625
pipe,SS304,PTFE,non_vacuum,25,200,775
pipe,SS304,PTFE,non_vacuum,25,250,806.25
pipe,SS304,PTFE,non_vacuum,25,300,840.625
pipe,SS304,PTFE,non_vacuum,25,350,871.875
pipe,SS304,PTFE,non_vacuum,25,400,906.25
pipe,SS304,PTFE,non_vacuum,25,450,940.625
pipe,SS304,PTFE,non_vacuum,25,500,971.875
pipe,SS304,PTFE,non_vacuum,25,600,1037.5
pipe,SS304,PTFE,non_vacuum,25,700,1106.25
pipe,SS304,PTFE,non_vacuum,25,800,1171.875
pipe,SS304,PTFE,non_vacuum,25,900,1237.5
pipe,SS304,PTFE,non_vacuum,25,1000,1303.125
pipe,SS304,PTFE,non_vacuum,25,1100,1371.875
pipe,SS304,PTFE,non_vacuum,25,1200,1437.5
pipe,SS304,PTFE,non_vacuum,25,1300,1503.125
pipe,SS304,PTFE,non_vacuum,25,1400,1568.75
pipe,SS304,PTFE,non_vacuum,25,1500,1637.5
pipe,SS304,PTFE,non_vacuum,25,1600,1703.125
pipe,SS304,PTFE,non_vacuum,25,1700,1768.75
pipe,SS304,PTFE,non_vacuum,25,1800,1834.375
pipe,SS304,PTFE,non_vacuum,25,1900,1903.125
pipe,SS304,PTFE,non_vacuum,25,2000,1968.75
pipe,SS304,PTFE,non_vacuum,25,2100,2034.375
pipe,SS304,PTFE,non_vacuum,25,2200,2100
pipe,SS304,PTFE,non_vacuum,25,2300,2168.75
pipe,SS304,PTFE,non_vacuum,25,2400,2234.375
pipe,SS304,PTFE,non_vacuum,25,2500,2300
pipe,SS304,PTFE,non_vacuum,25,2600,2365.625
pipe,SS304,PTFE,non_vacuum,25,2700,2434.375
pipe,SS304,PTFE,non_vacuum,25,2800,2500
pipe,SS304,PTFE,non_vacuum,25,2900,2565.625
pipe,SS304,PTFE,non_vacuum,25,3000,2631.25
pipe,SS304,PTFE,non_vacuum,40,100,918.75
pipe,SS304,PTFE,non_vacuum,40,150,971.875
pipe,SS304,PTFE,non_vacuum,40,200,1025
pipe,SS304,PTFE,non_vacuum,40,250,1078.125
pipe,SS304,PTFE,non_vacuum,40,300,1131.25
pipe,SS304,PTFE,non_vacuum,40,350,1184.375
pipe,SS304,PTFE,non_vacuum,40,400,1237.5
pipe,SS304,PTFE,non_vacuum,40,450,1290.625
pipe,SS304,PTFE,non_vacuum,40,500,1343.75
pipe,SS304,PTFE,non_vacuum,40,600,1450
pipe,SS304,PTFE,non_vacuum,40,700,1556.25
pipe,SS304,PTFE,non_vacuum,40,800,1662.5
pipe,SS304,PTFE,non_vacuum,40,900,1768.75
pipe,SS304,PTFE,non_vacuum,40,1000,1875
pipe,SS304,PTFE,non_vacuum,40,1100,1981.25
pipe,SS304,PTFE,non_vacuum,40,1200,2087.5
pipe,SS304,PTFE,non_vacuum,40,1300,2193.75
pipe,SS304,PTFE,non_vacuum,40,1400,2303.125
pipe,SS304,PTFE,non_vacuum,40,1500,2409.375
pipe,SS304,PTFE,non_vacuum,40,1600,2512.5
pipe,SS304,PTFE,non_vacuum,40,1700,2621.875
pipe,SS304,PTFE,non_vacuum,40,1800,2728.125
pipe,SS304,PTFE,non_vacuum,40,1900,2834.375
pipe,SS304,PTFE,non_vacuum,40,2000,2940.625
pipe,SS304,PTFE,non_vacuum,40,2100,3046.875
pipe,SS304,PTFE,non_vacuum,40,2200,3153.125
pipe,SS304,PTFE,non_vacuum,40,2300,3259.375
pipe,SS304,PTFE,non_vacuum,40,2400,3365.625
pipe,SS304,PTFE,non_vacuum,40,2500,3471.875
pipe,SS304,PTFE,non_vacuum,40,2600,3578.125
pipe,SS304,PTFE,non_vacuum,40,2700,3684.375
pipe,SS304,PTFE,non_vacuum,40,2800,3790.625
pipe,SS304,PTFE,non_vacuum,40,2900,3896.875
pipe,SS304,PTFE,non_vacuum,40,3000,4003.125
pipe,SS304,PTFE,non_vacuum,50,100,1143.75
pipe,SS304,PTFE,non_vacuum,50,150,1209.375
pipe,SS304,PTFE,non_vacuum,50,200,1278.125
pipe,SS304,PTFE,non_vacuum,50,250,1343.75
pipe,SS304,PTFE,non_vacuum,50,300,1412.5
pipe,SS304,PTFE,non_vacuum,50,350,1478.125
pipe,SS304,PTFE,non_vacuum,50,400,1546.875
pipe,SS304,PTFE,non_vacuum,50,450,1615.625
pipe,SS304,PTFE,non_vacuum,50,500,1681.25
pipe,SS304,PTFE,non_vacuum,50,600,1815.625
pipe,SS304,PTFE,non_vacuum,50,700,1950
pipe,SS304,PTFE,non_vacuum,50,800,2084.375
pipe,SS304,PTFE,non_vacuum,50,900,2218.75
pipe,SS304,PTFE,non_vacuum,50,1000,2353.125
pipe,SS304,PTFE,non_vacuum,50,1100,2490.625
pipe,SS304,PTFE,non_vacuum,50,1200,2625
pipe,SS304,PTFE,non_vacuum,50,1300,2759.375
pipe,SS304,PTFE,non_vacuum,50,1400,2893.75
pipe,SS304,PTFE,non_vacuum,50,1500,3028.125
pipe,SS304,PTFE,non_vacuum,50,1600,3162.5
pipe,SS304,PTFE,non_vacuum,50,1700,3296.875
pipe,SS304,PTFE,non_vacuum,50,1800,3431.25
pipe,SS304,PTFE,non_vacuum,50,1900,3565.625
pipe,SS304,PTFE,non_vacuum,50,2000,3700
pipe,SS304,PTFE,non_vacuum,50,2100,3834.375
pipe,SS304,PTFE,non_vacuum,50,2200,3968.75
pipe,SS304,PTFE,non_vacuum,50,2300,4106.25
pipe,SS304,PTFE,non_vacuum,50,2400,4240.625
pipe,SS304,PTFE,non_vacuum,50,2500,4375
pipe,SS304,PTFE,non_vacuum,50,2600,4509.375
pipe,SS304,PTFE,non_vacuum,50,2700,4643.75
pipe,SS304,PTFE,non_vacuum,50,2800,4778.125
pipe,SS304,PTFE,non_vacuum,50,2900,4912.5
pipe,SS304,PTFE,non_vacuum,50,3000,5046.875
pipe,SS304,PTFE,non_vacuum,80,100,1918.75
pipe,SS304,PTFE,non_vacuum,80,150,2037.5
pipe,SS304,PTFE,non_vacuum,80,200,2159.375
pipe,SS304,PTFE,non_vacuum,80,250,2278.125
pipe,SS304,PTFE,non_vacuum,80,300,2396.875
pipe,SS304,PTFE,non_vacuum,80,350,2515.625
pipe,SS304,PTFE,non_vacuum,80,400,2634.375
pipe,SS304,PTFE,non_vacuum,80,450,2753.125
pipe,SS304,PTFE,non_vacuum,80,500,2871.875
pipe,SS304,PTFE,non_vacuum,80,600,3112.5
pipe,SS304,PTFE,non_vacuum,80,700,3350
pipe,SS304,PTFE,non_vacuum,80,800,3587.5
pipe,SS304,PTFE,non_vacuum,80,900,3825
pipe,SS304,PTFE,non_vacuum,80,1000,4065.625
pipe,SS304,PTFE,non_vacuum,80,1100,4303.125
pipe,SS304,PTFE,non_vacuum,80,1200,4540.625
pipe,SS304,PTFE,non_vacuum,80,1300,4778.125
pipe,SS304,PTFE,non_vacuum,80,1400,5018.75
pipe,SS304,PTFE,non_vacuum,80,1500,5256.25
pipe,SS304,PTFE,non_vacuum,80,1600,5493.75
pipe,SS304,PTFE,non_vacuum,80,1700,5734.375
pipe,SS304,PTFE,non_vacuum,80,1800,5971.875
pipe,SS304,PTFE,non_vacuum,80,1900,6209.375
pipe,SS304,PTFE,non_vacuum,80,2000,6446.875
pipe,SS304,PTFE,non_vacuum,80,2100,6687.5
pipe,SS304,PTFE,non_vacuum,80,2200,6925
pipe,SS304,PTFE,non_vacuum,80,2300,7162.5
pipe,SS304,PTFE,non_vacuum,80,2400,7400
pipe,SS304,PTFE,non_vacuum,80,2500,7640.625
pipe,SS304,PTFE,non_vacuum,80,2600,7878.125
pipe,SS304,PTFE,non_vacuum,80,2700,8115.625
pipe,SS304,PTFE,non_vacuum,80,2800,8353.125
pipe,SS304,PTFE,non_vacuum,80,2900,8593.75
pipe,SS304,PTFE,non_vacuum,80,3000,8831.25
pipe,SS304,PTFE,non_vacuum,100,100,2553.125
pipe,SS304,PTFE,non_vacuum,100,150,2715.625
pipe,SS304,PTFE,non_vacuum,100,200,2878.125
pipe,SS304,PTFE,non_vacuum,100,250,3040.625
pipe,SS304,PTFE,non_vacuum,100,300,3203.125
pipe,SS304,PTFE,non_vacuum,100,350,3365.625
pipe,SS304,PTFE,non_vacuum,100,400,3528.125
pipe,SS304,PTFE,non_vacuum,100,450,3690.625
pipe,SS304,PTFE,non_vacuum,100,500,3853.125
pipe,SS304,PTFE,non_vacuum,100,600,4178.125
pipe,SS304,PTFE,non_vacuum,100,700,4503.125
pipe,SS304,PTFE,non_vacuum,100,800,4825
pipe,SS304,PTFE,non_vacuum,100,900,5150
pipe,SS304,PTFE,non_vacuum,100,1000,5475
pipe,SS304,PTFE,non_vacuum,100,1100,5800
pipe,SS304,PTFE,non_vacuum,100,1200,6125
pipe,SS304,PTFE,non_vacuum,100,1300,6450
pipe,SS304,PTFE,non_vacuum,100,1400,6775
pipe,SS304,PTFE,non_vacuum,100,1500,7096.875
pipe,SS304,PTFE,non_vacuum,100,1600,7421.875
pipe,SS304,PTFE,non_vacuum,100,1700,7746.875
pipe,SS304,PTFE,non_vacuum,100,1800,8071.875
pipe,SS304,PTFE,non_vacuum,100,1900,8396.875
pipe,SS304,PTFE,non_vacuum,100,2000,8721.875
pipe,SS304,PTFE,non_vacuum,100,2100,9046.875
pipe,SS304,PTFE,non_vacuum,100,2200,9368.75
pipe,SS304,PTFE,non_vacuum,100,2300,9693.75
pipe,SS304,PTFE,non_vacuum,100,2400,10018.75
pipe,SS304,PTFE,non_vacuum,100,2500,10343.75
pipe,SS304,PTFE,non_vacuum,100,2600,10668.75
pipe,SS304,PTFE,non_vacuum,100,2700,10993.75
pipe,SS304,PTFE,non_vacuum,100,2800,11318.75
pipe,SS304,PTFE,non_vacuum,100,2900,11643.75
pipe,SS304,PTFE,non_vacuum,100,3000,11965.625
pipe,SS304,PTFE,non_vacuum,150,100,5337.5
pipe,SS304,PTFE,non_vacuum,150,150,5753.125
pipe,SS304,PTFE,non_vacuum,150,200,6165.625
pipe,SS304,PTFE,non_vacuum,150,250,6578.125
pipe,SS304,PTFE,non_vacuum,150,300,6993.75
pipe,SS304,PTFE,non_vacuum,150,350,7406.25
pipe,SS304,PTFE,non_vacuum,150,400,7821.875
pipe,SS304,PTFE,non_vacuum,150,450,8234.375
pipe,SS304,PTFE,non_vacuum,150,500,8650
pipe,SS304,PTFE,non_vacuum,150,600,9475
pipe,SS304,PTFE,non_vacuum,150,700,10303.125
pipe,SS304,PTFE,non_vacuum,150,800,11131.25
pipe,SS304,PTFE,non_vacuum,150,900,11959.375
pipe,SS304,PTFE,non_vacuum,150,1000,12787.5
pipe,SS304,PTFE,non_vacuum,150,1100,13615.625
pipe,SS304,PTFE,non_vacuum,150,1200,14443.75
pipe,SS304,PTFE,non_vacuum,150,1300,15268.75
pipe,SS304,PTFE,non_vacuum,150,1400,16096.875
pipe,SS304,PTFE,non_vacuum,150,1500,16925
pipe,SS304,PTFE,non_vacuum,150,1600,17753.125
pipe,SS304,PTFE,non_vacuum,150,1700,18581.25
pipe,SS304,PTFE,non_vacuum,150,1800,19409.375
pipe,SS304,PTFE,non_vacuum,150,1900,20237.5
pipe,SS304,PTFE,non_vacuum,150,2000,21062.5
pipe,SS304,PTFE,non_vacuum,150,2100,21890.625
pipe,SS304,PTFE,non_vacuum,150,2200,22718.75
pipe,SS304,PTFE,non_vacuum,150,2300,23546.875
pipe,SS304,PTFE,non_vacuum,150,2400,24375
pipe,SS304,PTFE,non_vacuum,150,2500,25203.125
pipe,SS304,PTFE,non_vacuum,150,2600,26031.25
pipe,SS304,PTFE,non_vacuum,150,2700,26856.25
pipe,SS304,PTFE,non_vacuum,150,2800,27684.375
pipe,SS304,PTFE,non_vacuum,150,2900,28512.5
pipe,SS304,PTFE,non_vacuum,150,3000,29340.625
pipe,SS304,PTFE,non_vacuum,200,100,9206.25
pipe,SS304,PTFE,non_vacuum,200,150,9993.75
pipe,SS304,PTFE,non_vacuum,200,200,10778.125
pipe,SS304,PTFE,non_vacuum,200,250,11565.625
pipe,SS304,PTFE,non_vacuum,200,300,12350
pipe,SS304,PTFE,non_vacuum,200,350,13137.5
pipe,SS304,PTFE,non_vacuum,200,400,13921.875
pipe,SS304,PTFE,non_vacuum,200,450,14709.375
pipe,SS304,PTFE,non_vacuum,200,500,15493.75
pipe,SS304,PTFE,non_vacuum,200,600,17065.625
pipe,SS304,PTFE,non_vacuum,200,700,18634.375
pipe,SS304,PTFE,non_vacuum,200,800,20206.25
pipe,SS304,PTFE,non_vacuum,200,900,21778.125
pipe,SS304,PTFE,non_vacuum,200,1000,23350
pipe,SS304,PTFE,non_vacuum,200,1100,24921.875
pipe,SS304,PTFE,non_vacuum,200,1200,26493.75
pipe,SS304,PTFE,non_vacuum,200,1300,28065.625
pipe,SS304,PTFE,non_vacuum,200,1400,29634.375
pipe,SS304,PTFE,non_vacuum,200,1500,31206.25
pipe,SS304,PTFE,non_vacuum,200,1600,32778.125
pipe,SS304,PTFE,non_vacuum,200,1700,34350
pipe,SS304,PTFE,non_vacuum,200,1800,35921.875
pipe,SS304,PTFE,non_vacuum,200,1900,37493.75
pipe,SS304,PTFE,non_vacuum,200,2000,39062.5
pipe,SS304,PTFE,non_vacuum,200,2100,40634.375
pipe,SS304,PTFE,non_vacuum,200,2200,42206.25
pipe,SS304,PTFE,non_vacuum,200,2300,43778.125
pipe,SS304,PTFE,non_vacuum,200,2400,45350
pipe,SS304,PTFE,non_vacuum,200,2500,46921.875
pipe,SS304,PTFE,non_vacuum,200,2600,48490.625
pipe,SS304,PTFE,non_vacuum,200,2700,50062.5
pipe,SS304,PTFE,non_vacuum,200,2800,51634.375
pipe,SS304,PTFE,non_vacuum,200,2900,53206.25
pipe,SS304,PTFE,non_vacuum,200,3000,54778.125
pipe,SS304,PTFE,non_vacuum,250,100,13021.875
pipe,SS304,PTFE,non_vacuum,250,150,14106.25
pipe,SS304,PTFE,non_vacuum,250,200,15190.625
pipe,SS304,PTFE,non_vacuum,250,250,16275
pipe,SS304,PTFE,non_vacuum,250,300,17356.25
pipe,SS304,PTFE,non_vacuum,250,350,18443.75
pipe,SS304,PTFE,non_vacuum,250,400,19525
pipe,SS304,PTFE,non_vacuum,250,450,20609.375
pipe,SS304,PTFE,non_vacuum,250,500,21693.75
pipe,SS304,PTFE,non_vacuum,250,600,23862.5
pipe,SS304,PTFE,non_vacuum,250,700,26031.25
pipe,SS304,PTFE,non_vacuum,250,800,28200
pipe,SS304,PTFE,non_vacuum,250,900,30368.75
pipe,SS304,PTFE,non_vacuum,250,1000,32537.5
pipe,SS304,PTFE,non_vacuum,250,1100,34703.125
pipe,SS304,PTFE,non_vacuum,250,1200,36871.875
pipe,SS304,PTFE,non_vacuum,250,1300,39040.625
pipe,SS304,PTFE,non_vacuum,250,1400,41209.375
pipe,SS304,PTFE,non_vacuum,250,1500,43378.125
pipe,SS304,PTFE,non_vacuum,250,1600,45546.875
pipe,SS304,PTFE,non_vacuum,250,1700,47715.625
pipe,SS304,PTFE,non_vacuum,250,1800,49884.375
pipe,SS304,PTFE,non_vacuum,250,1900,52050
pipe,SS304,PTFE,non_vacuum,250,2000,54218.75
pipe,SS304,PTFE,non_vacuum,250,2100,56387.5
pipe,SS304,PTFE,non_vacuum,250,2200,58556.25
pipe,SS304,PTFE,non_vacuum,250,2300,60725
pipe,SS304,PTFE,non_vacuum,250,2400,62893.75
pipe,SS304,PTFE,non_vacuum,250,2500,65062.5
pipe,SS304,PTFE,non_vacuum,250,2600,67231.25
pipe,SS304,PTFE,non_vacuum,250,2700,69396.875
pipe,SS304,PTFE,non_vacuum,250,2800,71565.625
pipe,SS304,PTFE,non_vacuum,250,2900,73734.375
pipe,SS304,PTFE,non_vacuum,250,3000,75903.125
pipe,SS304,PTFE,non_vacuum,300,100,16003.125
pipe,SS304,PTFE,non_vacuum,300,150,17168.75
pipe,SS304,PTFE,non_vacuum,300,200,18331.25
pipe,SS304,PTFE,non_vacuum,300,250,19496.875
pipe,SS304,PTFE,non_vacuum,300,300,20662.5
pipe,SS304,PTFE,non_vacuum,300,350,21828.125
pipe,SS304,PTFE,non_vacuum,300,400,22990.625
pipe,SS304,PTFE,non_vacuum,300,450,24159.375
pipe,SS304,PTFE,non_vacuum,300,500,25321.875
pipe,SS304,PTFE,non_vacuum,300,600,27653.125
pipe,SS304,PTFE,non_vacuum,300,700,29981.25
pipe,SS304,PTFE,non_vacuum,300,800,32312.5
pipe,SS304,PTFE,non_vacuum,300,900,34640.625
pipe,SS304,PTFE,non_vacuum,300,1000,36971.875
pipe,SS304,PTFE,non_vacuum,300,1100,39303.125
pipe,SS304,PTFE,non_vacuum,300,1200,41631.25
pipe,SS304,PTFE,non_vacuum,300,1300,43962.5
pipe,SS304,PTFE,non_vacuum,300,1400,46290.625
pipe,SS304,PTFE,non_vacuum,300,1500,48621.875
pipe,SS304,PTFE,non_vacuum,300,1600,50953.125
pipe,SS304,PTFE,non_vacuum,300,1700,53281.25
pipe,SS304,PTFE,non_vacuum,300,1800,55612.5
pipe,SS304,PTFE,non_vacuum,300,1900,57940.625
pipe,SS304,PTFE,non_vacuum,300,2000,60271.875
pipe,SS304,PTFE,non_vacuum,300,2100,62600
pipe,SS304,PTFE,non_vacuum,300,2200,64931.25
pipe,SS304,PTFE,non_vacuum,300,2300,67262.5
pipe,SS304,PTFE,non_vacuum,300,2400,69590.625
pipe,SS304,PTFE,non_vacuum,300,2500,71921.875
pipe,SS304,PTFE,non_vacuum,300,2600,74250
pipe,SS304,PTFE,non_vacuum,300,2700,76581.25
pipe,SS304,PTFE,non_vacuum,300,2800,78912.5
pipe,SS304,PTFE,non_vacuum,300,2900,81240.625
pipe,SS304,PTFE,non_vacuum,300,3000,83571.875
pipe,SS304,PTFE,full_vacuum,100,100,2706.25
pipe,SS304,PTFE,full_vacuum,100,150,2893.75
pipe,SS304,PTFE,full_vacuum,100,200,3081.25
pipe,SS304,PTFE,full_vacuum,100,250,3268.75
pipe,SS304,PTFE,full_vacuum,100,300,3456.25
pipe,SS304,PTFE,full_vacuum,100,350,3643.75
pipe,SS304,PTFE,full_vacuum,100,400,3831.25
pipe,SS304,PTFE,full_vacuum,100,450,4018.75
pipe,SS304,PTFE,full_vacuum,100,500,4206.25
pipe,SS304,PTFE,full_vacuum,100,600,4581.25
pipe,SS304,PTFE,full_vacuum,100,700,4953.125
pipe,SS304,PTFE,full_vacuum,100,800,5328.125
pipe,SS304,PTFE,full_vacuum,100,900,5703.125
pipe,SS304,PTFE,full_vacuum,100,1000,6078.125
pipe,SS304,PTFE,full_vacuum,100,1100,6453.125
pipe,SS304,PTFE,full_vacuum,100,1200,6828.125
pipe,SS304,PTFE,full_vacuum,100,1300,7203.125
pipe,SS304,PTFE,full_vacuum,100,1400,7578.125
pipe,SS304,PTFE,full_vacuum,100,1500,7953.125
pipe,SS304,PTFE,full_vacuum,100,1600,8328.125
pipe,SS304,PTFE,full_vacuum,100,1700,8703.125
pipe,SS304,PTFE,full_vacuum,100,1800,9078.125
pipe,SS304,PTFE,full_vacuum,100,1900,9453.125
pipe,SS304,PTFE,full_vacuum,100,2000,9828.125
pipe,SS304,PTFE,full_vacuum,100,2100,10203.125
pipe,SS304,PTFE,full_vacuum,100,2200,10578.125
pipe,SS304,PTFE,full_vacuum,100,2300,10953.125
pipe,SS304,PTFE,full_vacuum,100,2400,11328.125
pipe,SS304,PTFE,full_vacuum,100,2500,11703.125
pipe,SS304,PTFE,full_vacuum,100,2600,12078.125
pipe,SS304,PTFE,full_vacuum,100,2700,12453.125
pipe,SS304,PTFE,full_vacuum,100,2800,12828.125
pipe,SS304,PTFE,full_vacuum,100,2900,13203.125
pipe,SS304,PTFE,full_vacuum,100,3000,13578.125
pipe,SS304,PTFE,full_vacuum,150,100,5825
pipe,SS304,PTFE,full_vacuum,150,150,6312.5
pipe,SS304,PTFE,full_vacuum,150,200,6800
pipe,SS304,PTFE,full_vacuum,150,250,7287.5
pipe,SS304,PTFE,full_vacuum,150,300,7775
pipe,SS304,PTFE,full_vacuum,150,350,8262.5
pipe,SS304,PTFE,full_vacuum,150,400,8750
pipe,SS304,PTFE,full_vacuum,150,450,9237.5
pipe,SS304,PTFE,full_vacuum,150,500,9725
pipe,SS304,PTFE,full_vacuum,150,600,10700
pipe,SS304,PTFE,full_vacuum,150,700,11675
pipe,SS304,PTFE,full_vacuum,150,800,12650
pipe,SS304,PTFE,full_vacuum,150,900,13625
pipe,SS304,PTFE,full_vacuum,150,1000,14600
pipe,SS304,PTFE,full_vacuum,150,1100,15575
pipe,SS304,PTFE,full_vacuum,150,1200,16550
pipe,SS304,PTFE,full_vacuum,150,1300,17525
pipe,SS304,PTFE,full_vacuum,150,1400,18500
pipe,SS304,PTFE,full_vacuum,150,1500,19475
pipe,SS304,PTFE,full_vacuum,150,1600,20450
pipe,SS304,PTFE,full_vacuum,150,1700,21425
pipe,SS304,PTFE,full_vacuum,150,1800,22400
pipe,SS304,PTFE,full_vacuum,150,1900,23375
pipe,SS304,PTFE,full_vacuum,150,2000,24350
pipe,SS304,PTFE,full_vacuum,150,2100,25325
pipe,SS304,PTFE,full_vacuum,150,2200,26300
pipe,SS304,PTFE,full_vacuum,150,2300,27275
pipe,SS304,PTFE,full_vacuum,150,2400,28250
pipe,SS304,PTFE,full_vacuum,150,2500,29225
pipe,SS304,PTFE,full_vacuum,150,2600,30200
pipe,SS304,PTFE,full_vacuum,150,2700,31175
pipe,SS304,PTFE,full_vacuum,150,2800,32150
pipe,SS304,PTFE,full_vacuum,150,2900,33125
pipe,SS304,PTFE,full_vacuum,150,3000,34100
pipe,SS304,PTFE,full_vacuum,200,100,10859.375
pipe,SS304,PTFE,full_vacuum,200,150,11884.375
pipe,SS304,PTFE,full_vacuum,200,200,12903.125
pipe,SS304,PTFE,full_vacuum,200,250,13928.125
pipe,SS304,PTFE,full_vacuum,200,300,14946.875
pipe,SS304,PTFE,full_vacuum,200,350,15971.875
pipe,SS304,PTFE,full_vacuum,200,400,16990.625
pipe,SS304,PTFE,full_vacuum,200,450,18015.625
pipe,SS304,PTFE,full_vacuum,200,500,19034.375
pipe,SS304,PTFE,full_vacuum,200,600,21078.125
pipe,SS304,PTFE,full_vacuum,200,700,23121.875
pipe,SS304,PTFE,full_vacuum,200,800,25165.625
pipe,SS304,PTFE,full_vacuum,200,900,27209.375
pipe,SS304,PTFE,full_vacuum,200,1000,29253.125
pipe,SS304,PTFE,full_vacuum,200,1100,31296.875
pipe,SS304,PTFE,full_vacuum,200,1200,33340.625
pipe,SS304,PTFE,full_vacuum,200,1300,35384.375
pipe,SS304,PTFE,full_vacuum,200,1400,37428.125
pipe,SS304,PTFE,full_vacuum,200,1500,39471.875
pipe,SS304,PTFE,full_vacuum,200,1600,41515.625
pipe,SS304,PTFE,full_vacuum,200,1700,43559.375
pipe,SS304,PTFE,full_vacuum,200,1800,45603.125
pipe,SS304,PTFE,full_vacuum,200,1900,47646.875
pipe,SS304,PTFE,full_vacuum,200,2000,49690.625
pipe,SS304,PTFE,full_vacuum,200,2100,51734.375
pipe,SS304,PTFE,full_vacuum,200,2200,53778.125
pipe,SS304,PTFE,full_vacuum,200,2300,55821.875
pipe,SS304,PTFE,full_vacuum,200,2400,57865.625
pipe,SS304,PTFE,full_vacuum,200,2500,59909.375
pipe,SS304,PTFE,full_vacuum,200,2600,61953.125
pipe,SS304,PTFE,full_vacuum,200,2700,63996.875
pipe,SS304,PTFE,full_vacuum,200,2800,66040.625
pipe,SS304,PTFE,full_vacuum,200,2900,68084.375
pipe,SS304,PTFE,full_vacuum,200,3000,70128.125
pipe,SS304,PTFE,full_vacuum,250,100,14565.625
pipe,SS304,PTFE,full_vacuum,250,150,15868.75
pipe,SS304,PTFE,full_vacuum,250,200,17175
pipe,SS304,PTFE,full_vacuum,250,250,18478.125
pipe,SS304,PTFE,full_vacuum,250,300,19784.375
pipe,SS304,PTFE,full_vacuum,250,350,21087.5
pipe,SS304,PTFE,full_vacuum,250,400,22393.75
pipe,SS304,PTFE,full_vacuum,250,450,23696.875
pipe,SS304,PTFE,full_vacuum,250,500,25003.125
pipe,SS304,PTFE,full_vacuum,250,600,27612.5
pipe,SS304,PTFE,full_vacuum,250,700,30221.875
pipe,SS304,PTFE,full_vacuum,250,800,32831.25
pipe,SS304,PTFE,full_vacuum,250,900,35440.625
pipe,SS304,PTFE,full_vacuum,250,1000,38050
pipe,SS304,PTFE,full_vacuum,250,1100,40659.375
pipe,SS304,PTFE,full_vacuum,250,1200,43268.75
pipe,SS304,PTFE,full_vacuum,250,1300,45878.125
pipe,SS304,PTFE,full_vacuum,250,1400,48487.5
pipe,SS304,PTFE,full_vacuum,250,1500,51096.875
pipe,SS304,PTFE,full_vacuum,250,1600,53706.25
pipe,SS304,PTFE,full_vacuum,250,1700,56315.625
pipe,SS304,PTFE,full_vacuum,250,1800,58925
pipe,SS304,PTFE,full_vacuum,250,1900,61534.375
pipe,SS304,PTFE,full_vacuum,250,2000,64143.75
pipe,SS304,PTFE,full_vacuum,250,2100,66753.125
pipe,SS304,PTFE,full_vacuum,250,2200,69362.5
pipe,SS304,PTFE,full_vacuum,250,2300,71971.875
pipe,SS304,PTFE,full_vacuum,250,2400,74581.25
pipe,SS304,PTFE,full_vacuum,250,2500,77190.625
pipe,SS304,PTFE,full_vacuum,250,2600,79800
pipe,SS304,PTFE,full_vacuum,250,2700,82409.375
pipe,SS304,PTFE,full_vacuum,250,2800,85018.75
pipe,SS304,PTFE,full_vacuum,250,2900,87628.125
pipe,SS304,PTFE,full_vacuum,250,3000,90237.5
pipe,SS304,PTFE,full_vacuum,300,100,20781.25
pipe,SS304,PTFE,full_vacuum,300,150,22628.125
pipe,SS304,PTFE,full_vacuum,300,200,24475
pipe,SS304,PTFE,full_vacuum,300,250,26325
pipe,SS304,PTFE,full_vacuum,300,300,28171.875
pipe,SS304,PTFE,full_vacuum,300,350,30018.75
pipe,SS304,PTFE,full_vacuum,300,400,31865.625
pipe,SS304,PTFE,full_vacuum,300,450,33715.625
pipe,SS304,PTFE,full_vacuum,300,500,35562.5
pipe,SS304,PTFE,full_vacuum,300,600,39256.25
pipe,SS304,PTFE,full_vacuum,300,700,42950
pipe,SS304,PTFE,full_vacuum,300,800,46646.875
pipe,SS304,PTFE,full_vacuum,300,900,50340.625
pipe,SS304,PTFE,full_vacuum,300,1000,54037.5
pipe,SS304,PTFE,full_vacuum,300,1100,57731.25
pipe,SS304,PTFE,full_vacuum,300,1200,61428.125
pipe,SS304,PTFE,full_vacuum,300,1300,65121.875
pipe,SS304,PTFE,full_vacuum,300,1400,68815.625
pipe,SS304,PTFE,full_vacuum,300,1500,72512.5
pipe,SS304,PTFE,full_vacuum,300,1600,76206.25
pipe,SS304,PTFE,full_vacuum,300,1700,79903.125
pipe,SS304,PTFE,full_vacuum,300,1800,83596.875
pipe,SS304,PTFE,full_vacuum,300,1900,87293.75
pipe,SS304,PTFE,full_vacuum,300,2000,90987.5
pipe,SS304,PTFE,full_vacuum,300,2100,94684.375
pipe,SS304,PTFE,full_vacuum,300,2200,98378.125
pipe,SS304,PTFE,full_vacuum,300,2300,102071.875
pipe,SS304,PTFE,full_vacuum,300,2400,105768.75
pipe,SS304,PTFE,full_vacuum,300,2500,109462.5
pipe,SS304,PTFE,full_vacuum,300,2600,113159.375
pipe,SS304,PTFE,full_vacuum,300,2700,116853.125
pipe,SS304,PTFE,full_vacuum,300,2800,120550
pipe,SS304,PTFE,full_vacuum,300,2900,124243.75
pipe,SS304,PTFE,full_vacuum,300,3000,127940.625
